{
  "timestamp": "2026-03-24T23:55:13.638718",
  "root_path": "C:\\Users\\Administrator\\.openclaw\\workspace-clawd3",
  "summary": {
    "total_directories": 167,
    "total_files": 1392,
    "total_code_files": 1355,
    "total_code_lines": 283041
  },
  "file_types": {
    ".java": 755,
    ".dart": 156,
    ".ts": 153,
    ".md": 88,
    ".py": 79,
    ".ps1": 41,
    ".css": 23,
    ".tsx": 19,
    ".vue": 15,
    ".yaml": 12
  },
  "code_statistics": {
    "Python": {
      "files": 79,
      "lines": 6780,
      "avg_lines": 85.82278481012658
    },
    "Markdown": {
      "files": 88,
      "lines": 22687,
      "avg_lines": 257.8068181818182
    },
    "JSON": {
      "files": 10,
      "lines": 11223,
      "avg_lines": 1122.3
    },
    "PowerShell": {
      "files": 41,
      "lines": 3056,
      "avg_lines": 74.53658536585365
    },
    "Shell Script": {
      "files": 4,
      "lines": 816,
      "avg_lines": 204.0
    },
    "JavaScript": {
      "files": 6,
      "lines": 3923,
      "avg_lines": 653.8333333333334
    },
    "Batch": {
      "files": 1,
      "lines": 12,
      "avg_lines": 12.0
    },
    "Java": {
      "files": 755,
      "lines": 137233,
      "avg_lines": 181.76556291390727
    },
    "XML": {
      "files": 3,
      "lines": 661,
      "avg_lines": 220.33333333333334
    },
    "YAML": {
      "files": 14,
      "lines": 4246,
      "avg_lines": 303.2857142857143
    },
    "TypeScript": {
      "files": 153,
      "lines": 37166,
      "avg_lines": 242.91503267973857
    },
    "TSX": {
      "files": 19,
      "lines": 4295,
      "avg_lines": 226.05263157894737
    },
    "CSS": {
      "files": 23,
      "lines": 6690,
      "avg_lines": 290.8695652173913
    },
    "HTML": {
      "files": 1,
      "lines": 233,
      "avg_lines": 233.0
    },
    "Rust": {
      "files": 2,
      "lines": 232,
      "avg_lines": 116.0
    },
    "Dart": {
      "files": 156,
      "lines": 43788,
      "avg_lines": 280.6923076923077
    }
  },
  "projects": [
    "im-backend"
  ]
}